<?xml version="1.0" encoding="UTF-8"?>
<ToiletMapExport xmlns="http://toiletmap.gov.au/">
    <ToiletDetails Status="Verified" Latitude="-31.921836" Longitude="115.95020622"
        ToiletURL="https://toiletmap.gov.au/toilet/1" LastUpdateDate="2014-02-20Z">
        <Name>Sandy Beach Reserve</Name>
        <Address1>West Road</Address1>
        <Town>Bassendean</Town>
        <State>Western Australia</State>
        <Postcode>6054</Postcode>
        <GeneralDetails>
            <Male>true</Male>
            <Female>true</Female>
            <FacilityType>Park or reserve</FacilityType>
            <AccessLimited>false</AccessLimited>
            <PaymentRequired>false</PaymentRequired>
            <KeyRequired>false</KeyRequired>
            <Parking>false</Parking>
        </GeneralDetails>
        <AccessibilityDetails>
            <AccessibleMale>true</AccessibleMale>
            <AccessibleFemale>true</AccessibleFemale>
            <AccessibleUnisex>false</AccessibleUnisex>
            <MLAK>false</MLAK>
            <ParkingAccessible>false</ParkingAccessible>
        </AccessibilityDetails>
        <OpeningHours>
            <IsOpen>AllHours</IsOpen>
        </OpeningHours>
        <Features>
            <BabyChange>false</BabyChange>
            <Showers>true</Showers>
            <DrinkingWater>false</DrinkingWater>
            <SharpsDisposal>true</SharpsDisposal>
            <SanitaryDisposal>false</SanitaryDisposal>
        </Features>
        <Icon IconAltText="Male and Female, or Unisex (Accessible)">
            <IconURL>https://toiletmap.gov.au/images/icons/mfa.png</IconURL>
        </Icon>
    </ToiletDetails>
    <ToiletDetails Status="Verified" Latitude="-32.14919658" Longitude="116.0239318"
        ToiletURL="https://toiletmap.gov.au/toilet/1012" LastUpdateDate="2008-02-25Z">
        <Name>Wyong Place</Name>
        <Address1>Wyong Place</Address1>
        <Town>Mount Nasura</Town>
        <State>Western Australia</State>
        <Postcode>6112</Postcode>
        <GeneralDetails>
            <Male>true</Male>
            <Female>true</Female>
            <AccessLimited>false</AccessLimited>
            <PaymentRequired>false</PaymentRequired>
            <KeyRequired>false</KeyRequired>
            <Parking>false</Parking>
        </GeneralDetails>
        <AccessibilityDetails>
            <AccessibleMale>false</AccessibleMale>
            <AccessibleFemale>false</AccessibleFemale>
            <AccessibleUnisex>false</AccessibleUnisex>
            <MLAK>false</MLAK>
            <ParkingAccessible>false</ParkingAccessible>
        </AccessibilityDetails>
        <OpeningHours>
            <IsOpen>AllHours</IsOpen>
        </OpeningHours>
        <Features>
            <BabyChange>false</BabyChange>
            <Showers>false</Showers>
            <DrinkingWater>false</DrinkingWater>
            <SharpsDisposal>false</SharpsDisposal>
            <SanitaryDisposal>false</SanitaryDisposal>
        </Features>
        <Icon IconAltText="Male and Female, or Unisex">
            <IconURL>https://toiletmap.gov.au/images/icons/mf.png</IconURL>
        </Icon>
    </ToiletDetails>
    <ToiletDetails Status="Verified" Latitude="-38.18290812" Longitude="144.3549014"
        ToiletURL="https://toiletmap.gov.au/toilet/1987" LastUpdateDate="2008-02-26Z">
        <Name>South Barwon Reserve 3</Name>
        <Address1>Barwon Heads Road</Address1>
        <Town>Belmont</Town>
        <State>Victoria</State>
        <Postcode>3216</Postcode>
        <GeneralDetails>
            <Male>true</Male>
            <Female>true</Female>
            <FacilityType>Park or reserve</FacilityType>
            <AccessLimited>false</AccessLimited>
            <PaymentRequired>false</PaymentRequired>
            <KeyRequired>false</KeyRequired>
            <Parking>false</Parking>
        </GeneralDetails>
        <AccessibilityDetails>
            <AccessibleMale>false</AccessibleMale>
            <AccessibleFemale>false</AccessibleFemale>
            <AccessibleUnisex>false</AccessibleUnisex>
            <MLAK>false</MLAK>
            <ParkingAccessible>false</ParkingAccessible>
        </AccessibilityDetails>
        <OpeningHours>
            <IsOpen>AllHours</IsOpen>
        </OpeningHours>
        <Features>
            <BabyChange>false</BabyChange>
            <Showers>false</Showers>
            <DrinkingWater>false</DrinkingWater>
            <SharpsDisposal>false</SharpsDisposal>
            <SanitaryDisposal>false</SanitaryDisposal>
        </Features>
        <Icon IconAltText="Male and Female, or Unisex">
            <IconURL>https://toiletmap.gov.au/images/icons/mf.png</IconURL>
        </Icon>
    </ToiletDetails>
    <ToiletDetails Status="Verified" Latitude="-32.96641887" Longitude="151.6937181"
        ToiletURL="https://toiletmap.gov.au/toilet/3007" LastUpdateDate="2008-02-04Z">
        <Name>Frederick Street</Name>
        <Address1>Frederick Street</Address1>
        <Town>Charlestown</Town>
        <State>New South Wales</State>
        <Postcode>2290</Postcode>
        <GeneralDetails>
            <Male>true</Male>
            <Female>true</Female>
            <AccessLimited>false</AccessLimited>
            <PaymentRequired>false</PaymentRequired>
            <KeyRequired>false</KeyRequired>
            <Parking>false</Parking>
        </GeneralDetails>
        <AccessibilityDetails>
            <AccessibleMale>false</AccessibleMale>
            <AccessibleFemale>false</AccessibleFemale>
            <AccessibleUnisex>false</AccessibleUnisex>
            <MLAK>false</MLAK>
            <ParkingAccessible>false</ParkingAccessible>
        </AccessibilityDetails>
        <OpeningHours>
            <IsOpen>Variable</IsOpen>
            <OpeningHoursNote>Open for sporting events only.</OpeningHoursNote>
        </OpeningHours>
        <Features>
            <BabyChange>false</BabyChange>
            <Showers>false</Showers>
            <DrinkingWater>false</DrinkingWater>
            <SharpsDisposal>true</SharpsDisposal>
            <SanitaryDisposal>false</SanitaryDisposal>
        </Features>
        <Icon IconAltText="Male and Female, or Unisex">
            <IconURL>https://toiletmap.gov.au/images/icons/mf.png</IconURL>
        </Icon>
    </ToiletDetails>
    <ToiletDetails Status="Verified" Latitude="-28.03272583" Longitude="148.5831412"
        ToiletURL="https://toiletmap.gov.au/toilet/4022" LastUpdateDate="2008-02-12Z">
        <Name>Lions Park</Name>
        <Address1>St Georges Terrace</Address1>
        <Town>St George</Town>
        <State>Queensland</State>
        <Postcode>4487</Postcode>
        <GeneralDetails>
            <Male>true</Male>
            <Female>true</Female>
            <FacilityType>Park or reserve</FacilityType>
            <AccessLimited>false</AccessLimited>
            <PaymentRequired>false</PaymentRequired>
            <KeyRequired>false</KeyRequired>
            <Parking>false</Parking>
        </GeneralDetails>
        <AccessibilityDetails>
            <AccessibleMale>false</AccessibleMale>
            <AccessibleFemale>false</AccessibleFemale>
            <AccessibleUnisex>false</AccessibleUnisex>
            <MLAK>false</MLAK>
            <ParkingAccessible>false</ParkingAccessible>
        </AccessibilityDetails>
        <OpeningHours>
            <IsOpen>AllHours</IsOpen>
        </OpeningHours>
        <Features>
            <BabyChange>false</BabyChange>
            <Showers>false</Showers>
            <DrinkingWater>false</DrinkingWater>
            <SharpsDisposal>false</SharpsDisposal>
            <SanitaryDisposal>false</SanitaryDisposal>
        </Features>
        <Icon IconAltText="Male and Female, or Unisex">
            <IconURL>https://toiletmap.gov.au/images/icons/mf.png</IconURL>
        </Icon>
    </ToiletDetails>
    <ToiletDetails Status="Verified" Latitude="-34.88520631" Longitude="138.5984993"
        ToiletURL="https://toiletmap.gov.au/toilet/5026" LastUpdateDate="2014-11-14Z">
        <Name>Memorial Gardens</Name>
        <Address1>Willcox Avenue</Address1>
        <Town>Prospect</Town>
        <State>South Australia</State>
        <Postcode>5082</Postcode>
        <GeneralDetails>
            <Male>true</Male>
            <Female>true</Female>
            <FacilityType>Park or reserve</FacilityType>
            <AccessLimited>false</AccessLimited>
            <PaymentRequired>false</PaymentRequired>
            <KeyRequired>false</KeyRequired>
            <Parking>false</Parking>
        </GeneralDetails>
        <AccessibilityDetails>
            <AccessibleMale>true</AccessibleMale>
            <AccessibleFemale>true</AccessibleFemale>
            <AccessibleUnisex>false</AccessibleUnisex>
            <MLAK>false</MLAK>
            <ParkingAccessible>false</ParkingAccessible>
        </AccessibilityDetails>
        <OpeningHours>
            <IsOpen>DaylightHours</IsOpen>
            <OpeningHoursSchedule>8am-8pm</OpeningHoursSchedule>
        </OpeningHours>
        <Features>
            <BabyChange>false</BabyChange>
            <Showers>false</Showers>
            <DrinkingWater>false</DrinkingWater>
            <SharpsDisposal>true</SharpsDisposal>
            <SanitaryDisposal>false</SanitaryDisposal>
        </Features>
        <Icon IconAltText="Male and Female, or Unisex (Accessible)">
            <IconURL>https://toiletmap.gov.au/images/icons/mfa.png</IconURL>
        </Icon>
    </ToiletDetails>
    <ToiletDetails Status="Verified" Latitude="-38.12855818" Longitude="145.1234645"
        ToiletURL="https://toiletmap.gov.au/toilet/6071" LastUpdateDate="2012-02-06Z">
        <Name>Long Island Tennis</Name>
        <Address1>Nepean Highway</Address1>
        <Town>Seaford</Town>
        <State>Victoria</State>
        <Postcode>3198</Postcode>
        <GeneralDetails>
            <Male>true</Male>
            <Female>true</Female>
            <FacilityType>Sporting facility</FacilityType>
            <AccessLimited>false</AccessLimited>
            <PaymentRequired>false</PaymentRequired>
            <KeyRequired>false</KeyRequired>
            <Parking>false</Parking>
        </GeneralDetails>
        <AccessibilityDetails>
            <AccessibleMale>false</AccessibleMale>
            <AccessibleFemale>false</AccessibleFemale>
            <AccessibleUnisex>false</AccessibleUnisex>
            <MLAK>false</MLAK>
            <ParkingAccessible>false</ParkingAccessible>
        </AccessibilityDetails>
        <OpeningHours>
            <IsOpen>AllHours</IsOpen>
        </OpeningHours>
        <Features>
            <BabyChange>false</BabyChange>
            <Showers>false</Showers>
            <DrinkingWater>false</DrinkingWater>
            <SharpsDisposal>true</SharpsDisposal>
            <SanitaryDisposal>false</SanitaryDisposal>
        </Features>
        <Icon IconAltText="Male and Female, or Unisex">
            <IconURL>https://toiletmap.gov.au/images/icons/mf.png</IconURL>
        </Icon>
    </ToiletDetails>
    <ToiletDetails Status="Verified" Latitude="-31.11349538" Longitude="150.8980704"
        ToiletURL="https://toiletmap.gov.au/toilet/7141" LastUpdateDate="2010-03-29Z">
        <Name>Chauvel Park</Name>
        <Address1>Waree Drive</Address1>
        <Town>West Tamworth</Town>
        <State>New South Wales</State>
        <Postcode>2340</Postcode>
        <GeneralDetails>
            <Male>true</Male>
            <Female>true</Female>
            <FacilityType>Park or reserve</FacilityType>
            <AccessLimited>false</AccessLimited>
            <PaymentRequired>false</PaymentRequired>
            <KeyRequired>false</KeyRequired>
            <Parking>false</Parking>
        </GeneralDetails>
        <AccessibilityDetails>
            <AccessibleMale>false</AccessibleMale>
            <AccessibleFemale>false</AccessibleFemale>
            <AccessibleUnisex>false</AccessibleUnisex>
            <MLAK>false</MLAK>
            <ParkingAccessible>false</ParkingAccessible>
        </AccessibilityDetails>
        <OpeningHours>
            <IsOpen>Variable</IsOpen>
            <OpeningHoursNote>Usually open daytime hours and for regular sporting
                events</OpeningHoursNote>
        </OpeningHours>
        <Features>
            <BabyChange>false</BabyChange>
            <Showers>false</Showers>
            <DrinkingWater>false</DrinkingWater>
            <SharpsDisposal>false</SharpsDisposal>
            <SanitaryDisposal>false</SanitaryDisposal>
        </Features>
        <Icon IconAltText="Male and Female, or Unisex">
            <IconURL>https://toiletmap.gov.au/images/icons/mf.png</IconURL>
        </Icon>
    </ToiletDetails>
    <ToiletDetails Status="Verified" Latitude="-37.81575465" Longitude="145.4584562"
        ToiletURL="https://toiletmap.gov.au/toilet/8312" LastUpdateDate="2008-04-24Z">
        <Name>Wandin East Reserve</Name>
        <Address1>Old Baker Road</Address1>
        <Town>Wandin East</Town>
        <State>Victoria</State>
        <Postcode>3139</Postcode>
        <GeneralDetails>
            <Male>true</Male>
            <Female>true</Female>
            <FacilityType>Park or reserve</FacilityType>
            <AccessLimited>false</AccessLimited>
            <PaymentRequired>false</PaymentRequired>
            <KeyRequired>false</KeyRequired>
            <Parking>false</Parking>
        </GeneralDetails>
        <AccessibilityDetails>
            <AccessibleMale>false</AccessibleMale>
            <AccessibleFemale>false</AccessibleFemale>
            <AccessibleUnisex>false</AccessibleUnisex>
            <MLAK>false</MLAK>
            <ParkingAccessible>false</ParkingAccessible>
        </AccessibilityDetails>
        <OpeningHours>
            <IsOpen>AllHours</IsOpen>
        </OpeningHours>
        <Features>
            <BabyChange>false</BabyChange>
            <Showers>false</Showers>
            <DrinkingWater>false</DrinkingWater>
            <SharpsDisposal>false</SharpsDisposal>
            <SanitaryDisposal>false</SanitaryDisposal>
        </Features>
        <Icon IconAltText="Male and Female, or Unisex">
            <IconURL>https://toiletmap.gov.au/images/icons/mf.png</IconURL>
        </Icon>
    </ToiletDetails>
    <ToiletDetails Status="Verified" Latitude="-35.90439503" Longitude="150.11561331"
        ToiletURL="https://toiletmap.gov.au/toilet/9345" LastUpdateDate="2016-07-25Z">
        <Name>Quarry Park</Name>
        <Address1>493 North Head Drive</Address1>
        <Town>Moruya</Town>
        <State>New South Wales</State>
        <Postcode>2537</Postcode>
        <GeneralDetails>
            <Male>false</Male>
            <Female>false</Female>
            <FacilityType>Park or reserve</FacilityType>
            <ToiletType>Pit</ToiletType>
            <AccessLimited>false</AccessLimited>
            <PaymentRequired>false</PaymentRequired>
            <KeyRequired>false</KeyRequired>
            <Parking>false</Parking>
        </GeneralDetails>
        <AccessibilityDetails>
            <AccessibleMale>true</AccessibleMale>
            <AccessibleFemale>true</AccessibleFemale>
            <AccessibleUnisex>false</AccessibleUnisex>
            <MLAK>false</MLAK>
            <ParkingAccessible>false</ParkingAccessible>
        </AccessibilityDetails>
        <OpeningHours>
            <IsOpen>AllHours</IsOpen>
        </OpeningHours>
        <Features>
            <BabyChange>false</BabyChange>
            <Showers>false</Showers>
            <DrinkingWater>false</DrinkingWater>
            <SharpsDisposal>false</SharpsDisposal>
            <SanitaryDisposal>false</SanitaryDisposal>
        </Features>
        <Icon IconAltText="Male and Female, or Unisex (Accessible)">
            <IconURL>https://toiletmap.gov.au/images/icons/mfa.png</IconURL>
        </Icon>
    </ToiletDetails>
    <ToiletDetails Status="Verified" Latitude="-33.94319617" Longitude="151.2330148"
        ToiletURL="https://toiletmap.gov.au/toilet/10593" LastUpdateDate="2008-02-12Z">
        <Name>Nagle Park</Name>
        <Address1>Holden Street</Address1>
        <Town>Maroubra</Town>
        <State>New South Wales</State>
        <Postcode>2035</Postcode>
        <GeneralDetails>
            <Male>true</Male>
            <Female>true</Female>
            <FacilityType>Park or reserve</FacilityType>
            <ToiletType>Sewerage</ToiletType>
            <AccessLimited>false</AccessLimited>
            <PaymentRequired>false</PaymentRequired>
            <KeyRequired>false</KeyRequired>
            <Parking>false</Parking>
        </GeneralDetails>
        <AccessibilityDetails>
            <AccessibleMale>false</AccessibleMale>
            <AccessibleFemale>false</AccessibleFemale>
            <AccessibleUnisex>false</AccessibleUnisex>
            <MLAK>false</MLAK>
            <ParkingAccessible>false</ParkingAccessible>
        </AccessibilityDetails>
        <OpeningHours>
            <IsOpen>Variable</IsOpen>
            <OpeningHoursNote>Only open during sporting events (football games)</OpeningHoursNote>
        </OpeningHours>
        <Features>
            <BabyChange>false</BabyChange>
            <Showers>false</Showers>
            <DrinkingWater>false</DrinkingWater>
            <SharpsDisposal>false</SharpsDisposal>
            <SanitaryDisposal>false</SanitaryDisposal>
        </Features>
        <Icon IconAltText="Male and Female, or Unisex">
            <IconURL>https://toiletmap.gov.au/images/icons/mf.png</IconURL>
        </Icon>
    </ToiletDetails>
    <ToiletDetails Status="Unverified" Latitude="-26.88189347" Longitude="153.0472461"
        ToiletURL="https://toiletmap.gov.au/toilet/11655" LastUpdateDate="2004-11-19Z">
        <Name>Coochin Creek</Name>
        <Address1>Roys Road</Address1>
        <Town>Coochin Creek</Town>
        <State>Queensland</State>
        <Postcode>4519</Postcode>
        <GeneralDetails>
            <Male>true</Male>
            <Female>true</Female>
            <AccessLimited>false</AccessLimited>
            <PaymentRequired>false</PaymentRequired>
            <KeyRequired>false</KeyRequired>
            <Parking>false</Parking>
        </GeneralDetails>
        <AccessibilityDetails>
            <AccessibleMale>true</AccessibleMale>
            <AccessibleFemale>true</AccessibleFemale>
            <AccessibleUnisex>false</AccessibleUnisex>
            <MLAK>false</MLAK>
            <ParkingAccessible>false</ParkingAccessible>
        </AccessibilityDetails>
        <OpeningHours>
            <IsOpen>AllHours</IsOpen>
        </OpeningHours>
        <Features>
            <BabyChange>false</BabyChange>
            <Showers>false</Showers>
            <DrinkingWater>false</DrinkingWater>
            <SharpsDisposal>false</SharpsDisposal>
            <SanitaryDisposal>false</SanitaryDisposal>
        </Features>
        <Icon IconAltText="Male and Female, or Unisex (Accessible)">
            <IconURL>https://toiletmap.gov.au/images/icons/mfa.png</IconURL>
        </Icon>
    </ToiletDetails>
    <ToiletDetails Status="Verified" Latitude="-33.88300098" Longitude="151.0239241"
        ToiletURL="https://toiletmap.gov.au/toilet/13079" LastUpdateDate="2016-01-04Z">
        <Name>Regents Park Train Station</Name>
        <Address1>Park Road</Address1>
        <Town>Regents Park</Town>
        <State>New South Wales</State>
        <Postcode>2143</Postcode>
        <GeneralDetails>
            <Male>false</Male>
            <Female>false</Female>
            <Unisex>true</Unisex>
            <FacilityType>Train station</FacilityType>
            <ToiletType>Sewerage</ToiletType>
            <AccessLimited>false</AccessLimited>
            <PaymentRequired>false</PaymentRequired>
            <KeyRequired>false</KeyRequired>
            <AccessNote>MLAK Key available from station staff</AccessNote>
            <Parking>true</Parking>
            <ParkingNote>60 car park spaces available</ParkingNote>
        </GeneralDetails>
        <AccessibilityDetails>
            <AccessibleMale>false</AccessibleMale>
            <AccessibleFemale>false</AccessibleFemale>
            <AccessibleUnisex>true</AccessibleUnisex>
            <MLAK>true</MLAK>
            <ParkingAccessible>true</ParkingAccessible>
            <AccessibleParkingNote>60 car park spaces available</AccessibleParkingNote>
        </AccessibilityDetails>
        <OpeningHours>
            <IsOpen>AllHours</IsOpen>
        </OpeningHours>
        <Features>
            <BabyChange>true</BabyChange>
            <Showers>false</Showers>
            <DrinkingWater>false</DrinkingWater>
            <SharpsDisposal>true</SharpsDisposal>
            <SanitaryDisposal>true</SanitaryDisposal>
        </Features>
        <Icon IconAltText="Male and Female, or Unisex (Accessible)">
            <IconURL>https://toiletmap.gov.au/images/icons/mfa.png</IconURL>
        </Icon>
    </ToiletDetails>
    <ToiletDetails Status="Verified" Latitude="-38.10514936" Longitude="145.157003"
        ToiletURL="https://toiletmap.gov.au/toilet/16900" LastUpdateDate="2012-02-06Z">
        <Name>Belvedere Reserve Pavilion</Name>
        <Address1>East Road</Address1>
        <Town>Seaford</Town>
        <State>Victoria</State>
        <Postcode>3198</Postcode>
        <AddressNote>Located behind the pavilion</AddressNote>
        <GeneralDetails>
            <Male>true</Male>
            <Female>true</Female>
            <FacilityType>Park or reserve</FacilityType>
            <ToiletType>Sewerage</ToiletType>
            <AccessLimited>false</AccessLimited>
            <PaymentRequired>false</PaymentRequired>
            <KeyRequired>false</KeyRequired>
            <Parking>false</Parking>
        </GeneralDetails>
        <AccessibilityDetails>
            <AccessibleMale>false</AccessibleMale>
            <AccessibleFemale>false</AccessibleFemale>
            <AccessibleUnisex>true</AccessibleUnisex>
            <MLAK>false</MLAK>
            <ParkingAccessible>false</ParkingAccessible>
        </AccessibilityDetails>
        <OpeningHours>
            <IsOpen>Variable</IsOpen>
            <OpeningHoursNote>Facilities are only open for special events</OpeningHoursNote>
        </OpeningHours>
        <Features>
            <BabyChange>false</BabyChange>
            <Showers>false</Showers>
            <DrinkingWater>false</DrinkingWater>
            <SharpsDisposal>true</SharpsDisposal>
            <SanitaryDisposal>false</SanitaryDisposal>
        </Features>
        <Icon IconAltText="Male and Female, or Unisex (Accessible)">
            <IconURL>https://toiletmap.gov.au/images/icons/mfa.png</IconURL>
        </Icon>
    </ToiletDetails>
    <ToiletDetails Status="Verified" Latitude="-27.32069462" Longitude="153.07048607"
        ToiletURL="https://toiletmap.gov.au/toilet/17880" LastUpdateDate="2015-08-31Z">
        <Name>Sandgate Town Hall</Name>
        <Address1>Seymour Street (cnr Brighton rd)</Address1>
        <Town>Sandgate</Town>
        <State>Queensland</State>
        <Postcode>4017</Postcode>
        <GeneralDetails>
            <Male>true</Male>
            <Female>true</Female>
            <FacilityType>Other</FacilityType>
            <ToiletType>Sewerage</ToiletType>
            <AccessLimited>false</AccessLimited>
            <PaymentRequired>false</PaymentRequired>
            <KeyRequired>false</KeyRequired>
            <Parking>false</Parking>
        </GeneralDetails>
        <AccessibilityDetails>
            <AccessibleMale>false</AccessibleMale>
            <AccessibleFemale>false</AccessibleFemale>
            <AccessibleUnisex>false</AccessibleUnisex>
            <MLAK>false</MLAK>
            <ParkingAccessible>false</ParkingAccessible>
        </AccessibilityDetails>
        <OpeningHours>
            <IsOpen>DaylightHours</IsOpen>
        </OpeningHours>
        <Features>
            <BabyChange>false</BabyChange>
            <Showers>false</Showers>
            <DrinkingWater>false</DrinkingWater>
            <SharpsDisposal>false</SharpsDisposal>
            <SanitaryDisposal>true</SanitaryDisposal>
        </Features>
        <Icon IconAltText="Male and Female, or Unisex">
            <IconURL>https://toiletmap.gov.au/images/icons/mf.png</IconURL>
        </Icon>
    </ToiletDetails>
    <ToiletDetails Status="Verified" Latitude="-32.28663741" Longitude="115.74720905"
        ToiletURL="https://toiletmap.gov.au/toilet/18818" LastUpdateDate="2015-08-21Z">
        <Name>Council Administration Building</Name>
        <Address1>Civic Boulevard</Address1>
        <Town>Rockingham</Town>
        <State>Western Australia</State>
        <Postcode>6168</Postcode>
        <AddressNote>Toilet is located inside the Lotteries House Building on the ground
            floor</AddressNote>
        <GeneralDetails>
            <Male>false</Male>
            <Female>false</Female>
            <Unisex>true</Unisex>
            <ToiletType>Septic</ToiletType>
            <AccessLimited>true</AccessLimited>
            <PaymentRequired>false</PaymentRequired>
            <KeyRequired>true</KeyRequired>
            <Parking>true</Parking>
        </GeneralDetails>
        <AccessibilityDetails>
            <AccessibleMale>false</AccessibleMale>
            <AccessibleFemale>false</AccessibleFemale>
            <AccessibleUnisex>true</AccessibleUnisex>
            <MLAK>false</MLAK>
            <ParkingAccessible>true</ParkingAccessible>
        </AccessibilityDetails>
        <OpeningHours>
            <IsOpen>Variable</IsOpen>
            <OpeningHoursSchedule>Mon-Fri 9am-4:30pm</OpeningHoursSchedule>
        </OpeningHours>
        <Features>
            <BabyChange>false</BabyChange>
            <Showers>false</Showers>
            <DrinkingWater>false</DrinkingWater>
            <SharpsDisposal>true</SharpsDisposal>
            <SanitaryDisposal>true</SanitaryDisposal>
        </Features>
        <Icon IconAltText="Male and Female, or Unisex (Accessible)">
            <IconURL>https://toiletmap.gov.au/images/icons/mfa.png</IconURL>
        </Icon>
    </ToiletDetails>
    <ToiletDetails Status="Unverified" Latitude="-36.00433" Longitude="146.3945"
        ToiletURL="https://toiletmap.gov.au/toilet/33483" LastUpdateDate="2008-10-09Z">
        <Name>Corowa Caravan Dump Point</Name>
        <Address1>Rowers Park Near Ball Park Caravan Park</Address1>
        <Town>Corowa</Town>
        <State>New South Wales</State>
        <Postcode>2646</Postcode>
        <GeneralDetails>
            <Male>false</Male>
            <Female>false</Female>
            <FacilityType>Other</FacilityType>
            <AccessLimited>false</AccessLimited>
            <PaymentRequired>true</PaymentRequired>
            <KeyRequired>false</KeyRequired>
            <Parking>false</Parking>
        </GeneralDetails>
        <AccessibilityDetails>
            <AccessibleMale>false</AccessibleMale>
            <AccessibleFemale>false</AccessibleFemale>
            <AccessibleUnisex>false</AccessibleUnisex>
            <MLAK>false</MLAK>
            <ParkingAccessible>false</ParkingAccessible>
        </AccessibilityDetails>
        <OpeningHours>
            <IsOpen>Variable</IsOpen>
        </OpeningHours>
        <Features>
            <BabyChange>false</BabyChange>
            <Showers>false</Showers>
            <DrinkingWater>false</DrinkingWater>
            <SharpsDisposal>false</SharpsDisposal>
            <SanitaryDisposal>false</SanitaryDisposal>
        </Features>
        <Icon IconAltText="Caravan Dump Point">
            <IconURL>https://toiletmap.gov.au/images/symbols/DumpPoint.png</IconURL>
        </Icon>
    </ToiletDetails>
    <ToiletDetails Status="Verified" Latitude="-36.91815608" Longitude="144.7047134"
        ToiletURL="https://toiletmap.gov.au/toilet/35267" LastUpdateDate="2009-05-22Z">
        <Name>Heathcote Northend Roadhouse - BP</Name>
        <Address1>212 High Street</Address1>
        <Town>Heathcote</Town>
        <State>Victoria</State>
        <Postcode>3523</Postcode>
        <GeneralDetails>
            <Male>true</Male>
            <Female>true</Female>
            <FacilityType>Service station</FacilityType>
            <ToiletType>Sewerage</ToiletType>
            <AccessLimited>false</AccessLimited>
            <PaymentRequired>false</PaymentRequired>
            <KeyRequired>false</KeyRequired>
            <Parking>false</Parking>
        </GeneralDetails>
        <AccessibilityDetails>
            <AccessibleMale>false</AccessibleMale>
            <AccessibleFemale>false</AccessibleFemale>
            <AccessibleUnisex>false</AccessibleUnisex>
            <MLAK>false</MLAK>
            <ParkingAccessible>false</ParkingAccessible>
        </AccessibilityDetails>
        <OpeningHours>
            <IsOpen>DaylightHours</IsOpen>
        </OpeningHours>
        <Features>
            <BabyChange>false</BabyChange>
            <Showers>false</Showers>
            <DrinkingWater>false</DrinkingWater>
            <SharpsDisposal>false</SharpsDisposal>
            <SanitaryDisposal>false</SanitaryDisposal>
        </Features>
        <Icon IconAltText="Male and Female, or Unisex">
            <IconURL>https://toiletmap.gov.au/images/icons/mf.png</IconURL>
        </Icon>
    </ToiletDetails>
    <ToiletDetails Status="Verified" Latitude="-23.39533" Longitude="150.505705"
        ToiletURL="https://toiletmap.gov.au/toilet/37581" LastUpdateDate="2014-05-26Z">
        <Name>Coles Express Rockhampton - Shell Australia</Name>
        <Address1>146 Gladstone Road</Address1>
        <Town>Allenstown</Town>
        <State>Queensland</State>
        <Postcode>4700</Postcode>
        <GeneralDetails>
            <Male>true</Male>
            <Female>true</Female>
            <FacilityType>Service station</FacilityType>
            <ToiletType>Sewerage</ToiletType>
            <AccessLimited>false</AccessLimited>
            <PaymentRequired>false</PaymentRequired>
            <KeyRequired>false</KeyRequired>
            <Parking>false</Parking>
        </GeneralDetails>
        <AccessibilityDetails>
            <AccessibleMale>false</AccessibleMale>
            <AccessibleFemale>false</AccessibleFemale>
            <AccessibleUnisex>false</AccessibleUnisex>
            <MLAK>false</MLAK>
            <ParkingAccessible>false</ParkingAccessible>
        </AccessibilityDetails>
        <OpeningHours>
            <IsOpen>Variable</IsOpen>
            <OpeningHoursNote>Toilets are open when the station is in operation</OpeningHoursNote>
        </OpeningHours>
        <Features>
            <BabyChange>false</BabyChange>
            <Showers>true</Showers>
            <DrinkingWater>false</DrinkingWater>
            <SharpsDisposal>false</SharpsDisposal>
            <SanitaryDisposal>false</SanitaryDisposal>
        </Features>
        <Icon IconAltText="Male and Female, or Unisex">
            <IconURL>https://toiletmap.gov.au/images/icons/mf.png</IconURL>
        </Icon>
    </ToiletDetails>
    <ToiletDetails Status="Verified" Latitude="-31.71160202" Longitude="148.66915491"
        ToiletURL="https://toiletmap.gov.au/toilet/40015" LastUpdateDate="2011-12-12Z">
        <Name>CBD Miller Street</Name>
        <Address1>Lower Castlereagh Street</Address1>
        <Town>Gilgandra</Town>
        <State>New South Wales</State>
        <Postcode>2827</Postcode>
        <AddressNote>Parking entry from Bridge Street Pedestrian access only from Miller
            Street</AddressNote>
        <GeneralDetails>
            <Male>true</Male>
            <Female>true</Female>
            <FacilityType>Car park</FacilityType>
            <ToiletType>Sewerage</ToiletType>
            <AccessLimited>false</AccessLimited>
            <PaymentRequired>false</PaymentRequired>
            <KeyRequired>false</KeyRequired>
            <Parking>true</Parking>
            <ParkingNote>Bridge Street entry suitable for Buses</ParkingNote>
        </GeneralDetails>
        <AccessibilityDetails>
            <AccessibleMale>false</AccessibleMale>
            <AccessibleFemale>false</AccessibleFemale>
            <AccessibleUnisex>true</AccessibleUnisex>
            <MLAK>false</MLAK>
            <ParkingAccessible>true</ParkingAccessible>
            <AccessibleParkingNote>Bridge Street entry suitable for Buses</AccessibleParkingNote>
        </AccessibilityDetails>
        <OpeningHours>
            <IsOpen>Variable</IsOpen>
            <OpeningHoursSchedule>5am-7pm</OpeningHoursSchedule>
        </OpeningHours>
        <Features>
            <BabyChange>true</BabyChange>
            <Showers>false</Showers>
            <DrinkingWater>false</DrinkingWater>
            <SharpsDisposal>true</SharpsDisposal>
            <SanitaryDisposal>true</SanitaryDisposal>
        </Features>
        <Icon IconAltText="Male and Female, or Unisex (Accessible)">
            <IconURL>https://toiletmap.gov.au/images/icons/mfa.png</IconURL>
        </Icon>
    </ToiletDetails>
    <ToiletDetails Status="Verified" Latitude="-32.62730443" Longitude="115.87536423"
        ToiletURL="https://toiletmap.gov.au/toilet/42443" LastUpdateDate="2015-06-24Z">
        <Name>Edenvale Homestead</Name>
        <Address1>Henry Street</Address1>
        <Town>Pinjarra</Town>
        <State>Western Australia</State>
        <Postcode>6208</Postcode>
        <AddressNote>In the Gardens of Edenvale Homestead</AddressNote>
        <GeneralDetails>
            <Male>true</Male>
            <Female>true</Female>
            <AccessLimited>false</AccessLimited>
            <PaymentRequired>false</PaymentRequired>
            <KeyRequired>false</KeyRequired>
            <Parking>false</Parking>
            <ParkingNote>Closest Parking is via Murray Street Car Park or on George Street (South
                West Highway)</ParkingNote>
        </GeneralDetails>
        <AccessibilityDetails>
            <AccessibleMale>false</AccessibleMale>
            <AccessibleFemale>false</AccessibleFemale>
            <AccessibleUnisex>true</AccessibleUnisex>
            <MLAK>false</MLAK>
            <ParkingAccessible>true</ParkingAccessible>
            <AccessibleParkingNote>Closest Parking is via Murray Street Car Park or on George Street
                (South West Highway)</AccessibleParkingNote>
        </AccessibilityDetails>
        <OpeningHours>
            <IsOpen>Variable</IsOpen>
        </OpeningHours>
        <Features>
            <BabyChange>false</BabyChange>
            <Showers>false</Showers>
            <DrinkingWater>true</DrinkingWater>
            <SharpsDisposal>false</SharpsDisposal>
            <SanitaryDisposal>false</SanitaryDisposal>
        </Features>
        <Icon IconAltText="Male and Female, or Unisex (Accessible)">
            <IconURL>https://toiletmap.gov.au/images/icons/mfa.png</IconURL>
        </Icon>
    </ToiletDetails>
    <ToiletDetails Status="Unverified" Latitude="-33.41903" Longitude="149.605516"
        ToiletURL="https://toiletmap.gov.au/toilet/45083" LastUpdateDate="2015-08-18Z">
        <Name>BP Raglan</Name>
        <Address1>39 Sydney Road</Address1>
        <Town>Kelso</Town>
        <State>New South Wales</State>
        <Postcode>2795</Postcode>
        <GeneralDetails>
            <Male>true</Male>
            <Female>true</Female>
            <FacilityType>Service station</FacilityType>
            <AccessLimited>false</AccessLimited>
            <PaymentRequired>false</PaymentRequired>
            <KeyRequired>false</KeyRequired>
            <Parking>false</Parking>
        </GeneralDetails>
        <AccessibilityDetails>
            <AccessibleMale>false</AccessibleMale>
            <AccessibleFemale>false</AccessibleFemale>
            <AccessibleUnisex>false</AccessibleUnisex>
            <MLAK>false</MLAK>
            <ParkingAccessible>false</ParkingAccessible>
        </AccessibilityDetails>
        <OpeningHours>
            <IsOpen>AllHours</IsOpen>
        </OpeningHours>
        <Features>
            <BabyChange>false</BabyChange>
            <Showers>false</Showers>
            <DrinkingWater>false</DrinkingWater>
            <SharpsDisposal>false</SharpsDisposal>
            <SanitaryDisposal>false</SanitaryDisposal>
        </Features>
        <Icon IconAltText="Male and Female, or Unisex">
            <IconURL>https://toiletmap.gov.au/images/icons/mf.png</IconURL>
        </Icon>
    </ToiletDetails>
    <ToiletDetails Status="Unverified" Latitude="-34.60279562" Longitude="150.8623327"
        ToiletURL="https://toiletmap.gov.au/toilet/47191" LastUpdateDate="2016-02-23Z">
        <Name>Killalea State Park</Name>
        <Address1>Killalea Drive</Address1>
        <Town>Shell Cove</Town>
        <State>New South Wales</State>
        <Postcode>2529</Postcode>
        <GeneralDetails>
            <Male>false</Male>
            <Female>false</Female>
            <FacilityType>Park or reserve</FacilityType>
            <AccessLimited>false</AccessLimited>
            <PaymentRequired>false</PaymentRequired>
            <KeyRequired>false</KeyRequired>
            <AccessNote>Unlocked.</AccessNote>
            <Parking>true</Parking>
            <ParkingNote>The facility is located at the side of the kiosk on the main entry to
                seating area. Easy access.</ParkingNote>
        </GeneralDetails>
        <AccessibilityDetails>
            <AccessibleMale>false</AccessibleMale>
            <AccessibleFemale>false</AccessibleFemale>
            <AccessibleUnisex>true</AccessibleUnisex>
            <AccessibleNote>Doorway is wide (over 850 mm). Door is outward opening. Medium force
                required to open door. Floor space is large. Seat height is low. Grab rails
                available. Wash basin available.</AccessibleNote>
            <MLAK>false</MLAK>
            <ParkingAccessible>false</ParkingAccessible>
            <AccessibleParkingNote>The facility is located at the side of the kiosk on the main
                entry to seating area. Easy access.</AccessibleParkingNote>
        </AccessibilityDetails>
        <OpeningHours>
            <IsOpen>Variable</IsOpen>
            <OpeningHoursSchedule>Mon-Fri 10am-4pm; Sat-Sun 8am-6pm</OpeningHoursSchedule>
        </OpeningHours>
        <Features>
            <BabyChange>true</BabyChange>
            <Showers>false</Showers>
            <DrinkingWater>false</DrinkingWater>
            <SharpsDisposal>false</SharpsDisposal>
            <SanitaryDisposal>false</SanitaryDisposal>
        </Features>
        <Icon IconAltText="Male and Female, or Unisex (Accessible)">
            <IconURL>https://toiletmap.gov.au/images/icons/mfa.png</IconURL>
        </Icon>
    </ToiletDetails>
    <ToiletDetails xmlns="http://toiletmap.gov.au/"
        Status="Verified" Latitude="-34.74526121" Longitude="146.5504129"
        ToiletURL="https://toiletmap.gov.au/toilet/2749" LastUpdateDate="2013-05-06Z">
        <Name>Narrandera Park</Name>
        <Address1>Newell Highway (Cadell Street)</Address1>
        <Town>Narrandera</Town>
        <State>New South Wales</State>
        <Postcode>2700</Postcode>
        <GeneralDetails>
            <Male>true</Male>
            <Female>true</Female>
            <FacilityType>Park or reserve</FacilityType>
            <ToiletType>Sewerage</ToiletType>
            <AccessLimited>false</AccessLimited>
            <PaymentRequired>false</PaymentRequired>
            <KeyRequired>false</KeyRequired>
            <AccessNote>Accessible facilities require a key</AccessNote>
            <Parking>false</Parking>
        </GeneralDetails>
        <AccessibilityDetails>
            <AccessibleMale>true</AccessibleMale>
            <AccessibleFemale>true</AccessibleFemale>
            <AccessibleUnisex>false</AccessibleUnisex>
            <MLAK>true</MLAK>
            <ParkingAccessible>false</ParkingAccessible>
        </AccessibilityDetails>
        <OpeningHours>
            <IsOpen>AllHours</IsOpen>
        </OpeningHours>
        <Features>
            <BabyChange>false</BabyChange>
            <Showers>false</Showers>
            <DrinkingWater>false</DrinkingWater>
            <SharpsDisposal>false</SharpsDisposal>
            <SanitaryDisposal>false</SanitaryDisposal>
        </Features>
        <Icon IconAltText="Male and Female, or Unisex (Accessible)">
            <IconURL>https://toiletmap.gov.au/images/icons/mfa.png</IconURL>
        </Icon>
    </ToiletDetails>
</ToiletMapExport>
